location,latitude,longitude
MNFBBMP:Chippewa-140:260,47.5229488199384,-94.2389636050962
MNFBBMP:Chippewa-140:261,47.5250808124322,-94.2398480767145
MNFBBMP:Chippewa-140:262,47.5245821730557,-94.2385291485976
MNFBBMP:Chippewa-141:266,47.5141462282111,-94.2215778436985
MNFBBMP:Chippewa-141:267,47.5125025754843,-94.2204506313856
MNFBBMP:Chippewa-141:268,47.5112610730092,-94.2191847241335
MNFBBMP:Chippewa-142:257,47.5277437332144,-94.2373972956025
MNFBBMP:Chippewa-142:258,47.5285690918476,-94.235122335857
MNFBBMP:Chippewa-142:259,47.5298706672569,-94.2337432909696
MNFBBMP:Chippewa-143:263,47.5176651839894,-94.2257293071504
MNFBBMP:Chippewa-143:264,47.5159296871573,-94.2247803871127
MNFBBMP:Chippewa-143:265,47.5158731538186,-94.2224892356476
MNFBBMP:Chippewa-144:245,47.5334482224521,-94.2155528914133
MNFBBMP:Chippewa-144:246,47.5324367465328,-94.2175968613994
MNFBBMP:Chippewa-144:247,47.5299729722776,-94.2174362000283
MNFBBMP:Chippewa-145:254,47.5334480240771,-94.2096151302652
MNFBBMP:Chippewa-145:255,47.5334933679539,-94.2095816281008
MNFBBMP:Chippewa-145:256,47.5343047640066,-94.2136912829963
MNFBBMP:Chippewa-146:251,47.5310817057864,-94.2095979108407
MNFBBMP:Chippewa-146:252,47.5323568125836,-94.2115510870408
MNFBBMP:Chippewa-146:253,47.5322208928608,-94.2090833598818
MNFBBMP:Chippewa-147:248,47.5298616185111,-94.2152096066742
MNFBBMP:Chippewa-147:249,47.5297295265946,-94.2123873495996
MNFBBMP:Chippewa-147:250,47.529360402503,-94.2098506090716
MNFBBMP:Chippewa-148:230,47.6581709270155,-94.4451014771732
MNFBBMP:Chippewa-148:231,47.659743048804,-94.4438729343059
MNFBBMP:Chippewa-148:232,47.658706073023,-94.4461910434068
MNFBBMP:Chippewa-149:239,47.6650668346613,-94.4787211550958
MNFBBMP:Chippewa-149:240,47.6649914134031,-94.4761935458145
MNFBBMP:Chippewa-149:241,47.6664476198555,-94.474208578995
MNFBBMP:Chippewa-150:233,47.6612975930358,-94.4681418876662
MNFBBMP:Chippewa-150:237,47.6612455693566,-94.4658775177009
MNFBBMP:Chippewa-150:238,47.6597521429163,-94.4686725869288
MNFBBMP:Chippewa-151:234,47.6579731884026,-94.4642423172917
MNFBBMP:Chippewa-151:235,47.659732863512,-94.4638453524728
MNFBBMP:Chippewa-151:236,47.661167247043,-94.4635551453114
MNFBBMP:Chippewa-152:295,47.6660389989431,-94.4925870847341
MNFBBMP:Chippewa-152:296,47.6662208372794,-94.4903664382398
MNFBBMP:Chippewa-152:297,47.6677129653014,-94.490484852324
MNFBBMP:Chippewa-153:242,47.6606457252201,-94.5011279251143
MNFBBMP:Chippewa-153:243,47.6595303408927,-94.4990355490692
MNFBBMP:Chippewa-153:244,47.6607023928177,-94.4988586678346
MNFBBMP:Chippewa-154:292,47.6663340469628,-94.4954953460947
MNFBBMP:Chippewa-154:293,47.6676646985487,-94.495575990965
MNFBBMP:Chippewa-154:294,47.6695198688983,-94.4961445322198
MNFBBMP:Chippewa-155:298,47.6664232648555,-94.487942559672
MNFBBMP:Chippewa-155:299,47.6651271949474,-94.4858877273649
MNFBBMP:Chippewa-155:300,47.6669587076841,-94.4841174684184
MNFBBMP:Chippewa-156:313,47.4638698838121,-94.3699730228428
MNFBBMP:Chippewa-157:314,47.4599551684179,-94.3692596485128
MNFBBMP:Chippewa-157:315,47.4580152173032,-94.3697054812458
MNFBBMP:Chippewa-158:308,47.4678947042584,-94.3780144570852
MNFBBMP:Chippewa-158:309,47.4675429131111,-94.3765880253697
MNFBBMP:Chippewa-158:312,47.4651267421835,-94.3732235094862
MNFBBMP:Chippewa-159:310,47.4673147315515,-94.3738564219241
MNFBBMP:Chippewa-159:311,47.4666539302311,-94.3726820763369
MNFBBMP:Chippewa-160:305,47.4722227208808,-94.3817639147788
MNFBBMP:Chippewa-160:306,47.4701963106984,-94.3796724171548
MNFBBMP:Chippewa-160:307,47.4691865199944,-94.3783415049162
MNFBBMP:Chippewa-1601:2201,47.0276401044949,-93.8724720779912
MNFBBMP:Chippewa-1601:2202,47.0287565633908,-93.8782783202571
MNFBBMP:Chippewa-1601:2203,47.0266906981274,-93.8754242164617
MNFBBMP:Chippewa-1603:2207,47.0939029567783,-94.0635118405609
MNFBBMP:Chippewa-1603:2208,47.0944155469101,-94.0664512630331
MNFBBMP:Chippewa-1603:2209,47.0958625053402,-94.0637458814403
MNFBBMP:Chippewa-1604:2210,47.0923418996182,-94.0659078437371
MNFBBMP:Chippewa-1604:2211,47.0903809992833,-94.067751548396
MNFBBMP:Chippewa-1604:2212,47.090613415945,-94.0708090556344
MNFBBMP:Chippewa-1605:2213,47.1135695921731,-94.0542705198262
MNFBBMP:Chippewa-1605:2214,47.1160555804848,-94.0530369964584
MNFBBMP:Chippewa-1605:2215,47.1153539604285,-94.055939018342
MNFBBMP:Chippewa-1606:2216,47.1150299475266,-94.0382279374085
MNFBBMP:Chippewa-1606:2217,47.1151394435056,-94.0350782584537
MNFBBMP:Chippewa-1606:2218,47.1153280694389,-94.0321251905011
MNFBBMP:Chippewa-1607:2219,47.2135589380195,-93.962640290087
MNFBBMP:Chippewa-1607:2220,47.2148205917119,-93.9602740435584
MNFBBMP:Chippewa-1607:2221,47.2162616876445,-93.9579650658487
MNFBBMP:Chippewa-1608:2222,47.4172581459212,-94.4159329778122
MNFBBMP:Chippewa-1608:2223,47.4186323692166,-94.4183204196482
MNFBBMP:Chippewa-1608:2224,47.4203309522909,-94.4199437648894
MNFBBMP:Chippewa-1609:2225,47.4168015131666,-94.4201126769583
MNFBBMP:Chippewa-1609:2226,47.4181694819818,-94.4222720078714
MNFBBMP:Chippewa-1609:2227,47.4199253107315,-94.4243530862457
MNFBBMP:Chippewa-161:316,47.4632125062296,-94.3556334942915
MNFBBMP:Chippewa-161:317,47.4607239908358,-94.360612779803
MNFBBMP:Chippewa-161:318,47.4595635905833,-94.3643668634784
MNFBBMP:Chippewa-1610:2228,47.4614050740305,-94.3570518575864
MNFBBMP:Chippewa-1610:2229,47.4607900658966,-94.3535106458629
MNFBBMP:Chippewa-1610:2230,47.4626840468277,-94.3523796752649
MNFBBMP:Chippewa-1612:2234,47.5048513636389,-94.4170602474593
MNFBBMP:Chippewa-1612:2235,47.5035476308953,-94.4198881264445
MNFBBMP:Chippewa-1612:2236,47.5026710774446,-94.4158237265497
MNFBBMP:Chippewa-1616:2246,47.6085169645203,-94.4186637201843
MNFBBMP:Chippewa-1616:2247,47.6099193098682,-94.4216795351298
MNFBBMP:Chippewa-1616:2248,47.607922933818,-94.4237596274053
MNFBBMP:Chippewa-1617:2249,47.6049034941519,-94.423444843119
MNFBBMP:Chippewa-1617:2250,47.6065828757992,-94.4193511788143
MNFBBMP:Chippewa-1617:2251,47.6046128191425,-94.4200362842859
MNFBBMP:Chippewa-1618:2252,47.630811406062,-94.4519556895696
MNFBBMP:Chippewa-1618:2253,47.630645124342,-94.4487390696434
MNFBBMP:Chippewa-1618:2254,47.6307411974094,-94.4454032490449
MNFBBMP:Chippewa-1619:2255,47.6709401738002,-94.478903080327
MNFBBMP:Chippewa-1619:2256,47.6701856680876,-94.4760056789034
MNFBBMP:Chippewa-1619:2257,47.6707317493985,-94.4727226772833
MNFBBMP:Chippewa-162:82,47.2890534668716,-94.5370538731858
MNFBBMP:Chippewa-162:83,47.286749179209,-94.5391136458068
MNFBBMP:Chippewa-162:84,47.2838739727988,-94.5387908750542
MNFBBMP:Chippewa-1622:2264,47.7162312249271,-94.2688890984234
MNFBBMP:Chippewa-1622:2265,47.7183639214752,-94.2688702203363
MNFBBMP:Chippewa-1622:2266,47.7174731085943,-94.2713112501971
MNFBBMP:Chippewa-1623:2267,47.7393808432828,-94.2690500756017
MNFBBMP:Chippewa-1623:2268,47.7412793269758,-94.2690548687274
MNFBBMP:Chippewa-1623:2269,47.7435002572908,-94.2691928974375
MNFBBMP:Chippewa-1624:2270,47.7784020360212,-94.2610837787806
MNFBBMP:Chippewa-1624:2271,47.7758379175476,-94.2586030705134
MNFBBMP:Chippewa-1624:2272,47.7778862598422,-94.2580691716849
MNFBBMP:Chippewa-1625:2273,47.7728345495812,-94.2543221362816
MNFBBMP:Chippewa-1625:2274,47.772236163651,-94.2514407454826
MNFBBMP:Chippewa-1625:2275,47.7710660863724,-94.2489968637624
MNFBBMP:Chippewa-163:85,47.2410635574486,-94.5484423734197
MNFBBMP:Chippewa-163:86,47.2399385919347,-94.5504483713888
MNFBBMP:Chippewa-163:87,47.2387373967962,-94.5521005972452
MNFBBMP:Chippewa-1630:2288,47.6851388512118,-94.1408220783601
MNFBBMP:Chippewa-1630:2289,47.6871980766476,-94.1409509370349
MNFBBMP:Chippewa-1630:2290,47.6889044806141,-94.1421755002171
MNFBBMP:Chippewa-1631:2291,47.6933176971017,-94.1462580091413
MNFBBMP:Chippewa-1631:2292,47.6913156083002,-94.1467152107675
MNFBBMP:Chippewa-1631:2293,47.6914689971204,-94.1430657482042
MNFBBMP:Chippewa-1633:2297,47.700287833629,-94.1429692908528
MNFBBMP:Chippewa-1633:2298,47.7022125072833,-94.1412478921475
MNFBBMP:Chippewa-1633:2299,47.7041254989648,-94.1397940432346
MNFBBMP:Chippewa-1635:2303,47.708050919698,-94.1331955501792
MNFBBMP:Chippewa-1635:2304,47.7092411643446,-94.1302018501086
MNFBBMP:Chippewa-1635:2305,47.707251404456,-94.1303281285418
MNFBBMP:Chippewa-1636:2306,47.5893820206817,-94.1372948816298
MNFBBMP:Chippewa-1636:2307,47.5889900051631,-94.1341753853745
MNFBBMP:Chippewa-1636:2308,47.5909100206354,-94.1347369438137
MNFBBMP:Chippewa-1638:2312,47.5815233542762,-94.2283630091496
MNFBBMP:Chippewa-1638:2313,47.5835496104809,-94.2273637674505
MNFBBMP:Chippewa-1638:2314,47.5828439174385,-94.2243563140574
MNFBBMP:Chippewa-1639:2315,47.6062634379366,-93.9137352637023
MNFBBMP:Chippewa-1639:2316,47.6041691458017,-93.9123257824556
MNFBBMP:Chippewa-1639:2317,47.6052700428208,-93.9164454080421
MNFBBMP:Chippewa-164:88,47.2374003879938,-94.5511564901604
MNFBBMP:Chippewa-164:89,47.2381424156243,-94.5488553653624
MNFBBMP:Chippewa-164:90,47.2396107061329,-94.5474116998562
MNFBBMP:Chippewa-1640:2318,47.6123390325639,-93.9269425889812
MNFBBMP:Chippewa-1640:2319,47.6103671833873,-93.9282170449816
MNFBBMP:Chippewa-1640:2320,47.6140726799486,-93.9284196829491
MNFBBMP:Chippewa-1641:2321,47.6462241200561,-93.8612532191235
MNFBBMP:Chippewa-1641:2322,47.6439979693403,-93.8617438759714
MNFBBMP:Chippewa-1641:2323,47.6413938050637,-93.8610500036705
MNFBBMP:Chippewa-165:91,47.2394219508802,-94.5387107442192
MNFBBMP:Chippewa-165:92,47.2407581370628,-94.5363723660646
MNFBBMP:Chippewa-165:93,47.2413756193921,-94.5339417677899
MNFBBMP:Chippewa-166:319,47.4519894035933,-94.4095409212531
MNFBBMP:Chippewa-166:320,47.4528112961966,-94.4070953553798
MNFBBMP:Chippewa-166:321,47.4541585187777,-94.4058338230767
MNFBBMP:Chippewa-167:322,47.456373208622,-94.4057429444927
MNFBBMP:Chippewa-167:323,47.4557284407386,-94.4032859497529
MNFBBMP:Chippewa-167:324,47.4550327379593,-94.4020468865425
MNFBBMP:Chippewa-168:325,47.4578560906422,-94.3977980545977
MNFBBMP:Chippewa-168:326,47.4576055763624,-94.3954642943731
MNFBBMP:Chippewa-168:327,47.4562328376785,-94.3974926027995
MNFBBMP:Chippewa-169:301,47.4760929276616,-94.3876440854586
MNFBBMP:Chippewa-169:302,47.4742251037664,-94.3880726843042
MNFBBMP:Chippewa-169:303,47.474473104058,-94.3861680853071
MNFBBMP:Chippewa-170:304,47.4739718845813,-94.3829657326844
MNFBBMP:Chippewa-171:97,47.1874818650354,-94.5665736313439
MNFBBMP:Chippewa-171:98,47.1861561003802,-94.5648146884788
MNFBBMP:Chippewa-171:99,47.1878459128422,-94.5636393867655
MNFBBMP:Chippewa-172:94,47.1868905906069,-94.5722916034498
MNFBBMP:Chippewa-172:95,47.1878124743412,-94.5713433407648
MNFBBMP:Chippewa-172:96,47.1876136294257,-94.5694379741944
MNFBBMP:Chippewa-173:115,47.1802119362727,-94.5678128543571
MNFBBMP:Chippewa-173:116,47.177322676767,-94.5750761905286
MNFBBMP:Chippewa-173:117,47.1768187166287,-94.5724587488726
MNFBBMP:Chippewa-174:106,47.1706638232514,-94.5678458438081
MNFBBMP:Chippewa-174:107,47.1706263916988,-94.5659775217178
MNFBBMP:Chippewa-174:108,47.1718471137665,-94.5642292861917
MNFBBMP:Chippewa-175:109,47.1736561800573,-94.5661814179667
MNFBBMP:Chippewa-175:110,47.1746689217028,-94.5631891102006
MNFBBMP:Chippewa-175:111,47.1743530097288,-94.5606196535403
MNFBBMP:Chippewa-177:100,47.1870909429121,-94.5569657391052
MNFBBMP:Chippewa-177:101,47.1887853556473,-94.5574324329059
MNFBBMP:Chippewa-177:102,47.1908123290738,-94.5572660077103
MNFBBMP:Chippewa-178:112,47.1760343606128,-94.5594019909383
MNFBBMP:Chippewa-178:113,47.181388664767,-94.5587365318797
MNFBBMP:Chippewa-178:114,47.1793601563108,-94.5649541489665
MNFBBMP:Chippewa-179:197,47.4083070220137,-94.3493578607598
MNFBBMP:Chippewa-179:198,47.4091939277925,-94.3512190285093
MNFBBMP:Chippewa-179:199,47.4108265667308,-94.3516478613482
MNFBBMP:Chippewa-180:200,47.4121996493765,-94.3527209501096
MNFBBMP:Chippewa-180:201,47.4125649242335,-94.3507418819395
MNFBBMP:Chippewa-180:202,47.4139512610302,-94.3514547457369
MNFBBMP:Chippewa-181:203,47.4148886006259,-94.3513262797679
MNFBBMP:Chippewa-181:204,47.415008053222,-94.349588722375
MNFBBMP:Chippewa-181:205,47.4159043200865,-94.3468316353168
MNFBBMP:Chippewa-182:194,47.4108755741629,-94.3474854899588
MNFBBMP:Chippewa-182:195,47.4091333667496,-94.3471905207803
MNFBBMP:Chippewa-182:196,47.4071366173798,-94.3471157392271
MNFBBMP:Chippewa-183:227,47.4117186983634,-94.3576292395822
MNFBBMP:Chippewa-183:228,47.4119872749228,-94.3600222260109
MNFBBMP:Chippewa-183:229,47.4103197332685,-94.3587451928416
MNFBBMP:Chippewa-184:206,47.4243842797142,-94.37904435867
MNFBBMP:Chippewa-184:207,47.4227145478206,-94.3802409652284
MNFBBMP:Chippewa-184:208,47.4217465290312,-94.3821659811911
MNFBBMP:Chippewa-185:3030,47.4112527963232,-94.3845425196906
MNFBBMP:Chippewa-185:3031,47.408720950755,-94.3848168141668
MNFBBMP:Chippewa-185:3032,47.4064203625428,-94.3845696142511
MNFBBMP:Chippewa-186:209,47.4192861619661,-94.381736986163
MNFBBMP:Chippewa-186:210,47.4174752236787,-94.3811791899896
MNFBBMP:Chippewa-186:211,47.4172013858994,-94.3784972278293
MNFBBMP:Chippewa-187:212,47.4181816916793,-94.376308272909
MNFBBMP:Chippewa-187:213,47.4189072213382,-94.3737657841424
MNFBBMP:Chippewa-187:214,47.4182849367799,-94.3714480748047
MNFBBMP:Chippewa-188:215,47.4186323754005,-94.3672212669384
MNFBBMP:Chippewa-188:216,47.4181916329104,-94.3649414838466
MNFBBMP:Chippewa-188:217,47.4199762507698,-94.3639375805943
MNFBBMP:Chippewa-189:218,47.4224803119093,-94.3614539551127
MNFBBMP:Chippewa-189:219,47.4205249783882,-94.3609235911292
MNFBBMP:Chippewa-189:220,47.4200444774889,-94.3583966868016
MNFBBMP:Chippewa-190:221,47.4182478210233,-94.3586972860631
MNFBBMP:Chippewa-190:222,47.4172662383678,-94.3572428888379
MNFBBMP:Chippewa-190:223,47.4172924396851,-94.3550282596713
MNFBBMP:Chippewa-191:224,47.4139353151326,-94.353568749728
MNFBBMP:Chippewa-191:225,47.4124410287314,-94.3536166184228
MNFBBMP:Chippewa-191:226,47.412493857475,-94.3559987752798
MNFBBMP:Chippewa-192:290,47.3289208399059,-94.0297029032384
MNFBBMP:Chippewa-192:291,47.3288848519821,-94.0317033465826
MNFBBMP:Chippewa-192:367,47.3284249320935,-94.0268053967896
MNFBBMP:Chippewa-193:368,47.3233922134873,-94.0098865138046
MNFBBMP:Chippewa-193:369,47.3215326737804,-94.0095321527702
MNFBBMP:Chippewa-193:370,47.3205392268572,-94.0119838239171
MNFBBMP:Chippewa-194:371,47.3157534241935,-94.0209641532498
MNFBBMP:Chippewa-194:372,47.3147295649724,-94.0247776059081
MNFBBMP:Chippewa-194:373,47.3137746039973,-94.0218813357359
MNFBBMP:Chippewa-195:375,47.3149712526357,-94.0269297667432
MNFBBMP:Chippewa-196:908,47.0422889870291,-93.8559281471261
MNFBBMP:Chippewa-196:909,47.0434035667198,-93.8573005748851
MNFBBMP:Chippewa-196:910,47.0417848696277,-93.8571561683243
MNFBBMP:Chippewa-197:905,47.0360023913862,-93.8542481220146
MNFBBMP:Chippewa-197:906,47.0371057149719,-93.8535141420244
MNFBBMP:Chippewa-197:907,47.03829610536,-93.8555839174837
MNFBBMP:Chippewa-198:911,47.0381362410341,-93.8196162742199
MNFBBMP:Chippewa-198:912,47.0404494617385,-93.8195411273152
MNFBBMP:Chippewa-198:913,47.0418808614472,-93.8181992730943
MNFBBMP:Chippewa-200:167,47.5649178217693,-94.0841948963246
MNFBBMP:Chippewa-200:168,47.5634822696021,-94.0828052872371
MNFBBMP:Chippewa-200:169,47.5665759219473,-94.0858364655277
MNFBBMP:Chippewa-201:155,47.5560654407623,-94.0811584181488
MNFBBMP:Chippewa-201:156,47.5574142815546,-94.0812499725076
MNFBBMP:Chippewa-201:157,47.5586309712213,-94.0829499072455
MNFBBMP:Chippewa-202:164,47.5576202692839,-94.0756115014428
MNFBBMP:Chippewa-202:165,47.5594218804707,-94.078272428212
MNFBBMP:Chippewa-202:166,47.558631813556,-94.0761692378026
MNFBBMP:Chippewa-203:158,47.5538624895549,-94.0819464871031
MNFBBMP:Chippewa-203:159,47.5521208384307,-94.0834324790071
MNFBBMP:Chippewa-203:160,47.5508929289622,-94.0857769368344
MNFBBMP:Chippewa-204:161,47.542787897761,-94.0779126474839
MNFBBMP:Chippewa-204:162,47.5412255413661,-94.0756441716998
MNFBBMP:Chippewa-204:163,47.5402505897143,-94.0740615344896
MNFBBMP:Chippewa-205:346,47.591375927618,-94.0567716469442
MNFBBMP:Chippewa-205:347,47.5917282044727,-94.054669164451
MNFBBMP:Chippewa-205:348,47.5930358934533,-94.0533652854443
MNFBBMP:Chippewa-206:349,47.5928946826687,-94.046182289027
MNFBBMP:Chippewa-206:350,47.5929802412016,-94.0437045867616
MNFBBMP:Chippewa-206:351,47.5916307997357,-94.0416972046648
MNFBBMP:Chippewa-207:352,47.5820633703755,-94.0189473397988
MNFBBMP:Chippewa-207:353,47.5830211756618,-94.0205192520969
MNFBBMP:Chippewa-207:354,47.5841366273763,-94.0225730656783
MNFBBMP:Chippewa-208:340,47.5998323492902,-94.0734233863185
MNFBBMP:Chippewa-208:341,47.598135416603,-94.0739912937246
MNFBBMP:Chippewa-208:342,47.5956082453493,-94.0738571014002
MNFBBMP:Chippewa-209:343,47.5938380022876,-94.0736053916786
MNFBBMP:Chippewa-209:344,47.5921765542861,-94.074227163296
MNFBBMP:Chippewa-209:345,47.5905772290057,-94.0749406150003
MNFBBMP:Chippewa-210:361,47.6607285135428,-93.9598956349347
MNFBBMP:Chippewa-210:362,47.6594269875339,-93.9584413816373
MNFBBMP:Chippewa-210:363,47.6622067423517,-93.9606619445826
MNFBBMP:Chippewa-211:364,47.6641687982046,-93.9638173940728
MNFBBMP:Chippewa-211:365,47.6625435518205,-93.9644880647971
MNFBBMP:Chippewa-211:366,47.6620321951737,-93.9664458689227
MNFBBMP:Chippewa-212:358,47.6673123112503,-93.9580555893068
MNFBBMP:Chippewa-212:359,47.6674023426985,-93.9602018236453
MNFBBMP:Chippewa-212:360,47.6662619772342,-93.9620683691466
MNFBBMP:Chippewa-213:355,47.6666620312248,-93.9722497115948
MNFBBMP:Chippewa-213:356,47.6671275647796,-93.974648028196
MNFBBMP:Chippewa-213:357,47.6683343474509,-93.9766379578929
MNFBBMP:Chippewa-215:331,47.5369408229949,-94.1328171758417
MNFBBMP:Chippewa-215:332,47.5384320987867,-94.1339707890113
MNFBBMP:Chippewa-215:333,47.5382399227736,-94.1333859714088
MNFBBMP:Chippewa-218:173,47.5242623753621,-94.106103316943
MNFBBMP:Chippewa-218:174,47.5256148189022,-94.1076847121267
MNFBBMP:Chippewa-218:175,47.52760053904,-94.1079802674217
MNFBBMP:Chippewa-219:170,47.5270248973989,-94.104224464876
MNFBBMP:Chippewa-219:171,47.5292624898239,-94.1026585824003
MNFBBMP:Chippewa-219:172,47.5302936825879,-94.1058342247384
MNFBBMP:Chippewa-220:176,47.523522453546,-94.1035173086721
MNFBBMP:Chippewa-220:177,47.5214361882746,-94.1033832260481
MNFBBMP:Chippewa-220:178,47.5194744514878,-94.1033992073644
MNFBBMP:Chippewa-221:179,47.5259756612774,-94.128858558145
MNFBBMP:Chippewa-221:180,47.524318024969,-94.1298187745243
MNFBBMP:Chippewa-221:181,47.5222420058476,-94.1301728383016
MNFBBMP:Chippewa-222:278,47.524112008782,-93.7458505226248
MNFBBMP:Chippewa-222:279,47.526252143278,-93.7460641886728
MNFBBMP:Chippewa-222:280,47.5282773166292,-93.7445837235694
MNFBBMP:Chippewa-223:275,47.5208120072474,-93.7413379389953
MNFBBMP:Chippewa-223:276,47.5205507512429,-93.7441648924241
MNFBBMP:Chippewa-223:277,47.5223145774647,-93.7455168656856
MNFBBMP:Chippewa-224:272,47.519882625823,-93.7319351253506
MNFBBMP:Chippewa-224:273,47.5215555722224,-93.7320420804196
MNFBBMP:Chippewa-224:274,47.5213851807891,-93.7347667783499
MNFBBMP:Chippewa-225:269,47.5069370988332,-93.7413324422522
MNFBBMP:Chippewa-225:270,47.5077091650603,-93.7429953315751
MNFBBMP:Chippewa-225:271,47.5064175376653,-93.7437526297121
MNFBBMP:Chippewa-226:281,47.5207458263951,-93.7134702432594
MNFBBMP:Chippewa-226:282,47.5222218617112,-93.7134118837504
MNFBBMP:Chippewa-226:283,47.5193277275512,-93.7143396368733
MNFBBMP:Chippewa-227:25,47.5245848718112,-93.7268595741889
MNFBBMP:Chippewa-227:26,47.5215010178886,-93.7278902709185
MNFBBMP:Chippewa-227:27,47.5231142160977,-93.7274875062788
MNFBBMP:Chippewa-228:287,47.5162997742986,-93.7092858947556
MNFBBMP:Chippewa-228:288,47.5160948588649,-93.7118611678868
MNFBBMP:Chippewa-228:289,47.5167286400166,-93.7141250498155
MNFBBMP:Chippewa-229:284,47.5188443556887,-93.7124881103659
MNFBBMP:Chippewa-229:285,47.5182891979014,-93.7105997857667
MNFBBMP:Chippewa-229:286,47.517704824924,-93.7090657477513
MNFBBMP:Chippewa-230:13,47.6589913940324,-93.6152481835094
MNFBBMP:Chippewa-230:14,47.6587159571485,-93.6129142794596
MNFBBMP:Chippewa-230:15,47.656060115607,-93.6115088394307
MNFBBMP:Chippewa-231:16,47.6484804791855,-93.6188743753496
MNFBBMP:Chippewa-231:17,47.6482311704322,-93.6200538411153
MNFBBMP:Chippewa-231:18,47.6483970613309,-93.6230154366169
MNFBBMP:Chippewa-232:19,47.6481486483508,-93.6351392347329
MNFBBMP:Chippewa-232:20,47.6519843427646,-93.6379076144246
MNFBBMP:Chippewa-232:21,47.6537008332875,-93.6382827471678
MNFBBMP:Chippewa-233:22,47.6476471605826,-93.6013003346793
MNFBBMP:Chippewa-233:23,47.6478564066462,-93.5974159889346
MNFBBMP:Chippewa-233:24,47.6475270347274,-93.5950021718899
MNFBBMP:Chippewa-234:4,47.5883143637333,-93.7646843118635
MNFBBMP:Chippewa-234:5,47.5858058912808,-93.7670882581817
MNFBBMP:Chippewa-234:6,47.5834926093749,-93.7658641966784
MNFBBMP:Chippewa-235:1,47.5853002246383,-93.7713792707646
MNFBBMP:Chippewa-235:2,47.5874432418113,-93.7711540673355
MNFBBMP:Chippewa-235:3,47.5876082963499,-93.7680110201231
MNFBBMP:Chippewa-236:7,47.581053797452,-93.7645719242476
MNFBBMP:Chippewa-236:8,47.580089114496,-93.7702362040832
MNFBBMP:Chippewa-236:9,47.5792110005354,-93.767001227632
MNFBBMP:Chippewa-237:10,47.5751762006168,-93.7553606676351
MNFBBMP:Chippewa-237:11,47.5765072218521,-93.7540952941882
MNFBBMP:Chippewa-237:12,47.5752930932493,-93.7512628935132
MNFBBMP:Chippewa-238:37,47.1155164545041,-94.653772442404
MNFBBMP:Chippewa-238:38,47.117153010008,-94.6544809785858
MNFBBMP:Chippewa-238:39,47.1189299153066,-94.6554404381917
MNFBBMP:Chippewa-239:28,47.1114817084773,-94.6352001859807
MNFBBMP:Chippewa-239:29,47.1133557096397,-94.6369330053254
MNFBBMP:Chippewa-239:30,47.1151430147096,-94.6390627069924
MNFBBMP:Chippewa-240:130b,47.1126766205033,-94.6472650031071
MNFBBMP:Chippewa-240:131b,47.1118855210391,-94.6487726610966
MNFBBMP:Chippewa-240:132b,47.110673005644,-94.6489232993517
MNFBBMP:Chippewa-241:34,47.113987669178,-94.6543248450567
MNFBBMP:Chippewa-241:35,47.1124119371186,-94.6543893628111
MNFBBMP:Chippewa-241:36,47.1108506344821,-94.6547008128325
MNFBBMP:Chippewa-242:40,47.0217260301763,-94.5755488352355
MNFBBMP:Chippewa-242:44,47.0196483902902,-94.5813419796129
MNFBBMP:Chippewa-242:45,47.0192308306593,-94.5783426604929
MNFBBMP:Chippewa-243:41,47.0255192031989,-94.5914815187832
MNFBBMP:Chippewa-243:42,47.0244628801994,-94.5904341786486
MNFBBMP:Chippewa-243:43,47.0221509826128,-94.5897259627359
MNFBBMP:Chippewa-244:46,47.0226012131448,-94.5948820129545
MNFBBMP:Chippewa-244:47,47.0239216204944,-94.59570303323
MNFBBMP:Chippewa-244:48,47.0215453305624,-94.5963888609534
MNFBBMP:Chippewa-245:31,46.9993197703682,-94.5910780905482
MNFBBMP:Chippewa-245:32,46.9973256156797,-94.5914647731806
MNFBBMP:Chippewa-245:33,46.9953434225407,-94.590343172767
MNFBBMP:Chippewa-246:73,47.1306489390133,-94.5491344954596
MNFBBMP:Chippewa-246:74,47.1319791042952,-94.5485916126455
MNFBBMP:Chippewa-246:78,47.128950915485,-94.5502613345024
MNFBBMP:Chippewa-247:79,47.1279734267313,-94.5476694337098
MNFBBMP:Chippewa-247:80,47.1262651318492,-94.5472404108412
MNFBBMP:Chippewa-247:81,47.1268240933237,-94.5451641556273
MNFBBMP:Chippewa-248:75,47.1351838493394,-94.5544830460741
MNFBBMP:Chippewa-248:76,47.1333631974305,-94.5546963500696
MNFBBMP:Chippewa-248:77,47.1316030415951,-94.5550933747591
MNFBBMP:Chippewa-250:396,47.1469319507335,-94.0997517831406
MNFBBMP:Chippewa-250:397,47.148544821429,-94.0995318016658
MNFBBMP:Chippewa-250:400,47.1501586785607,-94.0992089410467
MNFBBMP:Chippewa-251:389,47.1527835268869,-94.1023049821881
MNFBBMP:Chippewa-251:390,47.1532761478599,-94.1044126055348
MNFBBMP:Chippewa-251:391,47.1519986365072,-94.1053147904714
MNFBBMP:Chippewa-252:395,47.1468551798764,-94.102121731084
MNFBBMP:Chippewa-252:398,47.1489730079097,-94.1017948646196
MNFBBMP:Chippewa-252:399,47.1504863833485,-94.1016282826904
MNFBBMP:Chippewa-253:392,47.1502679175077,-94.1049333086091
MNFBBMP:Chippewa-253:393,47.1482854629292,-94.1040427717884
MNFBBMP:Chippewa-253:394,47.1469952382803,-94.1043972403207
MNFBBMP:Chippewa-254:152,47.1033942575376,-94.0608541867956
MNFBBMP:Chippewa-254:153,47.1030607855158,-94.0589656012966
MNFBBMP:Chippewa-254:154,47.1029220442227,-94.0564496223805
MNFBBMP:Chippewa-256:143,47.0831544875039,-94.0512725914547
MNFBBMP:Chippewa-256:144,47.0849831988539,-94.051058255373
MNFBBMP:Chippewa-256:148,47.0869522052032,-94.0492827907443
MNFBBMP:Chippewa-257:145,47.0859768116654,-94.0613844296502
MNFBBMP:Chippewa-257:146,47.0842446938668,-94.0589391159133
MNFBBMP:Chippewa-257:147,47.0875706255814,-94.061272483288
MNFBBMP:Chippewa-258:133,47.0527889314194,-93.9453798728016
MNFBBMP:Chippewa-258:134,47.0517119456857,-93.9439415122557
MNFBBMP:Chippewa-258:135,47.0504904184261,-93.9425691266956
MNFBBMP:Chippewa-259:130,47.0548155804677,-93.9505824492075
MNFBBMP:Chippewa-259:131,47.0529229877717,-93.9476692806082
MNFBBMP:Chippewa-259:132,47.0533274347602,-93.9499016183805
MNFBBMP:Chippewa-260:136,47.0489754005756,-93.960287071469
MNFBBMP:Chippewa-260:137,47.0469911205838,-93.9608294065035
MNFBBMP:Chippewa-260:138,47.0449930319112,-93.961944116789
MNFBBMP:Chippewa-261:139,47.0383850508257,-93.9601417890288
MNFBBMP:Chippewa-261:140,47.0392997555499,-93.9583719460005
MNFBBMP:Chippewa-261:141,47.0391924726009,-93.9561349092286
MNFBBMP:Chippewa-262:386,47.0040953732077,-94.0625001994572
MNFBBMP:Chippewa-262:387,47.0049793614976,-94.064212072731
MNFBBMP:Chippewa-262:388,47.0042758370751,-94.0663199486483
MNFBBMP:Chippewa-263:377,46.9953531451618,-94.0658701682495
MNFBBMP:Chippewa-263:378,46.9954889429954,-94.0638473812154
MNFBBMP:Chippewa-263:379,46.9953481202054,-94.0615678916545
MNFBBMP:Chippewa-264:383,46.9999262170206,-94.0608483129464
MNFBBMP:Chippewa-264:384,47.0013144230572,-94.0615624300077
MNFBBMP:Chippewa-264:385,47.0026495436235,-94.0621781907282
MNFBBMP:Chippewa-265:380,46.9964785544049,-94.0599948517673
MNFBBMP:Chippewa-265:381,46.9976547800589,-94.0583332095812
MNFBBMP:Chippewa-265:382,46.9987137494459,-94.0596194695722
MNFBBMP:Chippewa-266:61,47.0917808087353,-94.5190714615452
MNFBBMP:Chippewa-266:62,47.0901578879631,-94.5179501464096
MNFBBMP:Chippewa-266:63,47.0913057363649,-94.5148547226113
MNFBBMP:Chippewa-267:64,47.083061494259,-94.5060840585492
MNFBBMP:Chippewa-267:65,47.0826867645967,-94.5113036258516
MNFBBMP:Chippewa-267:66,47.0841528285214,-94.5093135899648
MNFBBMP:Chippewa-268:70,47.0737342023935,-94.5220753554712
MNFBBMP:Chippewa-268:71,47.0753270650739,-94.5220706657954
MNFBBMP:Chippewa-268:72,47.0753041641555,-94.5251444325335
MNFBBMP:Chippewa-269:67,47.0754328624852,-94.5202032054948
MNFBBMP:Chippewa-269:68,47.0736262927886,-94.5200372233118
MNFBBMP:Chippewa-269:69,47.0720587025408,-94.5201717743171
MNFBBMP:Chippewa-270:127,47.0073652808321,-94.3222777535224
MNFBBMP:Chippewa-270:128,47.0070757900113,-94.3247451478849
MNFBBMP:Chippewa-270:129,47.0070730160373,-94.327315653522
MNFBBMP:Chippewa-271:118,47.0236358882564,-94.3522765937345
MNFBBMP:Chippewa-271:119,47.023895700971,-94.3500868201208
MNFBBMP:Chippewa-271:120,47.0231145079303,-94.3484143020146
MNFBBMP:Chippewa-272:121,47.0214542012032,-94.3480329894009
MNFBBMP:Chippewa-272:122,47.0201418462936,-94.3486710439289
MNFBBMP:Chippewa-272:123,47.0199267834737,-94.3462997088409
MNFBBMP:Chippewa-273:124,47.0142639987627,-94.3617276188979
MNFBBMP:Chippewa-273:125,47.0149035155166,-94.3594058115771
MNFBBMP:Chippewa-273:126,47.01258005157,-94.3618242695635
MNFBBMP:Chippewa-274:185,47.1483425168387,-94.5489891065225
MNFBBMP:Chippewa-274:186,47.1487554990426,-94.5510548647916
MNFBBMP:Chippewa-274:187,47.1502390612762,-94.5518103409994
MNFBBMP:Chippewa-275:188,47.1497150703848,-94.5546165800904
MNFBBMP:Chippewa-275:189,47.1486559371646,-94.5577276568791
MNFBBMP:Chippewa-275:190,47.1471749229032,-94.5594333845122
MNFBBMP:Chippewa-276:191,47.1480137435709,-94.5612729087769
MNFBBMP:Chippewa-276:192,47.1468191559503,-94.5630871599922
MNFBBMP:Chippewa-276:193,47.1452615641126,-94.5638051692131
MNFBBMP:Chippewa-277:182,47.1459430276477,-94.5500840421676
MNFBBMP:Chippewa-277:183,47.1447837894065,-94.5486351033524
MNFBBMP:Chippewa-277:184,47.1464202638689,-94.5487314454071
MNFBBMP:Chippewa-278:57,47.0162209414701,-94.5423371350387
MNFBBMP:Chippewa-278:58,47.018019774709,-94.5410718061343
MNFBBMP:Chippewa-278:59,47.0199330764926,-94.5399925912973
MNFBBMP:Chippewa-279:52,47.0036665467854,-94.5330186584587
MNFBBMP:Chippewa-279:53,47.0051935179298,-94.5345751847836
MNFBBMP:Chippewa-279:54,47.0068651896592,-94.5354058212644
MNFBBMP:Chippewa-280:55,47.0145112107973,-94.5376486121328
MNFBBMP:Chippewa-280:56,47.0121664437847,-94.5420374984654
MNFBBMP:Chippewa-280:60,47.0132649115469,-94.5399876789694
MNFBBMP:Chippewa-281:49,47.0023014095197,-94.5355026042232
MNFBBMP:Chippewa-281:50,47.0001815347498,-94.535883824314
MNFBBMP:Chippewa-281:51,47.0005306639842,-94.5387008787808
MNFBBMP:Superior-342:782,47.9539472686292,-91.6141597096964
MNFBBMP:Superior-342:783,47.9525340401331,-91.612618380245
MNFBBMP:Superior-342:784,47.9520538938538,-91.6145826862062
MNFBBMP:Superior-343:479,47.7062689666579,-91.7374874126649
MNFBBMP:Superior-343:480,47.7058646445423,-91.7391768004267
MNFBBMP:Superior-343:481,47.7049111764497,-91.7400235964839
MNFBBMP:Superior-344:482,47.6978500289827,-91.7451478785499
MNFBBMP:Superior-344:483,47.6956048732453,-91.7463652644653
MNFBBMP:Superior-344:484,47.7021286913575,-91.7414675804653
MNFBBMP:Superior-345:476,47.7170002487065,-91.6937992852512
MNFBBMP:Superior-345:477,47.7187150405729,-91.693465744944
MNFBBMP:Superior-345:478,47.7204327978321,-91.6918133669112
MNFBBMP:Superior-346:473,47.7139963681958,-91.6978807643715
MNFBBMP:Superior-346:474,47.7139931919177,-91.6952250226822
MNFBBMP:Superior-346:475,47.7154503890375,-91.6943940037807
MNFBBMP:Superior-347:485,47.7376927290211,-91.7793762058735
MNFBBMP:Superior-347:486,47.7358334204992,-91.7805267183389
MNFBBMP:Superior-347:487,47.7352383505499,-91.7829547594005
MNFBBMP:Superior-348:494,47.7329855516077,-91.7834873992368
MNFBBMP:Superior-348:495,47.7311928868909,-91.783289092254
MNFBBMP:Superior-348:496,47.7293162029856,-91.7836528799329
MNFBBMP:Superior-349:488,47.7366640844848,-91.7841886580206
MNFBBMP:Superior-349:489,47.7383353720608,-91.7831226709789
MNFBBMP:Superior-349:490,47.7357994899775,-91.7846561430034
MNFBBMP:Superior-350:491,47.7304082368068,-91.7877568546705
MNFBBMP:Superior-350:492,47.7333566125129,-91.7862395843327
MNFBBMP:Superior-350:493,47.7319439315537,-91.7879395367846
MNFBBMP:Superior-351:512,47.9440506021372,-91.6697501321306
MNFBBMP:Superior-351:513,47.9447529960038,-91.6666975457703
MNFBBMP:Superior-351:514,47.9461044067972,-91.6645280900109
MNFBBMP:Superior-352:509,47.9421502018406,-91.6773728659911
MNFBBMP:Superior-352:510,47.9428078545098,-91.675103686786
MNFBBMP:Superior-352:511,47.9434207195068,-91.6728556832872
MNFBBMP:Superior-353:515,47.9525820738396,-91.6475680961375
MNFBBMP:Superior-353:516,47.9522730930721,-91.6496012817543
MNFBBMP:Superior-353:517,47.9523701612011,-91.6517363849129
MNFBBMP:Superior-354:500,47.699335083851,-91.8224304237522
MNFBBMP:Superior-354:501,47.6978223198622,-91.823197544727
MNFBBMP:Superior-354:502,47.6971573509834,-91.8250384564522
MNFBBMP:Superior-355:497,47.7047441628237,-91.8025681631582
MNFBBMP:Superior-355:498,47.7048613662884,-91.8008672296723
MNFBBMP:Superior-355:499,47.7036933029241,-91.800164883868
MNFBBMP:Superior-356:503,47.6941827295686,-91.8175127125602
MNFBBMP:Superior-356:504,47.6933182878122,-91.8157051117626
MNFBBMP:Superior-356:505,47.6929594663734,-91.8140686835652
MNFBBMP:Superior-357:506,47.692899551626,-91.8117564750711
MNFBBMP:Superior-357:507,47.6926557116264,-91.8099335591198
MNFBBMP:Superior-357:508,47.6923409605731,-91.8116865394583
MNFBBMP:Superior-358:455,47.7047757893394,-91.600255474106
MNFBBMP:Superior-358:456,47.7037403751622,-91.6024159768049
MNFBBMP:Superior-358:457,47.7025319075292,-91.6044077281102
MNFBBMP:Superior-359:451,47.7149254949793,-91.6308355238333
MNFBBMP:Superior-360:452,47.7088320343348,-91.6224085548871
MNFBBMP:Superior-360:453,47.7074339110981,-91.6228706553483
MNFBBMP:Superior-360:454,47.7055642276616,-91.6237770515056
MNFBBMP:Superior-361:458,47.7026213863323,-91.6006730568622
MNFBBMP:Superior-361:459,47.7038503820454,-91.5988939435113
MNFBBMP:Superior-361:460,47.7054857512207,-91.5972371429144
MNFBBMP:Superior-362:449,47.7114784759252,-91.630765847671
MNFBBMP:Superior-362:450,47.7131236882944,-91.6314026876222
MNFBBMP:Superior-363:461,47.7056736984715,-91.5964189472287
MNFBBMP:Superior-363:462,47.7054881346147,-91.5944910339568
MNFBBMP:Superior-363:463,47.707052614044,-91.5936624549883
MNFBBMP:Superior-365:467,47.7086130984153,-91.5750142258944
MNFBBMP:Superior-365:468,47.7071571722203,-91.5751538982567
MNFBBMP:Superior-365:469,47.7072474656017,-91.5722839869596
MNFBBMP:Superior-366:470,47.7069159137673,-91.5651811175217
MNFBBMP:Superior-366:471,47.7072693953595,-91.5625105892993
MNFBBMP:Superior-366:472,47.7077857579171,-91.559918188472
MNFBBMP:Superior-367:791,47.9790431489121,-91.5031847143079
MNFBBMP:Superior-367:792,47.9787176875791,-91.5009964266694
MNFBBMP:Superior-367:793,47.978672788822,-91.4989367170012
MNFBBMP:Superior-368:788,47.9690341309073,-91.5146761526782
MNFBBMP:Superior-368:789,47.9704805527865,-91.5138120028652
MNFBBMP:Superior-368:790,47.9720631116371,-91.5130390263593
MNFBBMP:Superior-369:785,47.9621946517767,-91.5166606784149
MNFBBMP:Superior-369:786,47.9615077265315,-91.5143320061693
MNFBBMP:Superior-369:787,47.9617837077333,-91.512019944268
MNFBBMP:Superior-370:794,47.9782277982778,-91.4965589750805
MNFBBMP:Superior-371:3021,48.0948833664572,-92.0112495706522
MNFBBMP:Superior-371:3022,48.0935049909235,-92.0110396282898
MNFBBMP:Superior-371:3023,48.0919599144982,-92.0113230791016
MNFBBMP:Superior-372:662,48.0924812840443,-91.9998332320353
MNFBBMP:Superior-372:663,48.0943474364897,-91.9920235465044
MNFBBMP:Superior-372:664,48.0950795533776,-91.9954877485378
MNFBBMP:Superior-373:665,48.0964249306554,-91.9898769708441
MNFBBMP:Superior-373:666,48.0974599875935,-91.9919694173011
MNFBBMP:Superior-373:667,48.0979466802098,-91.9900163934947
MNFBBMP:Superior-374:668,48.1002689789407,-91.9891099164259
MNFBBMP:Superior-374:669,48.1027723742145,-91.9903812489863
MNFBBMP:Superior-374:670,48.1048015454042,-91.990928532904
MNFBBMP:Superior-375:671,48.0968665818478,-91.997157331622
MNFBBMP:Superior-375:672,48.0990801459985,-91.9982183548964
MNFBBMP:Superior-375:673,48.100698895196,-91.9981331737567
MNFBBMP:Superior-376:821,47.7815847843114,-91.7063196315338
MNFBBMP:Superior-376:822,47.7797995134902,-91.7060299304497
MNFBBMP:Superior-376:823,47.7787195827856,-91.7052144107709
MNFBBMP:Superior-377:830,47.7787747096674,-91.7213666504555
MNFBBMP:Superior-377:831,47.7781079193048,-91.7237056947839
MNFBBMP:Superior-377:832,47.7769298710467,-91.7245741504068
MNFBBMP:Superior-378:827,47.7780171815718,-91.7179866249147
MNFBBMP:Superior-378:828,47.7801775157999,-91.7196769301566
MNFBBMP:Superior-378:829,47.7808095539147,-91.7174560711377
MNFBBMP:Superior-379:824,47.7820580830991,-91.7092379077794
MNFBBMP:Superior-379:825,47.7832027327652,-91.7086101468865
MNFBBMP:Superior-379:826,47.7811385992905,-91.7106864085967
MNFBBMP:Superior-380:806,47.7311379015224,-91.6923988083329
MNFBBMP:Superior-380:807,47.7299344584433,-91.6910192685636
MNFBBMP:Superior-380:808,47.7287413646209,-91.6897595579201
MNFBBMP:Superior-381:803,47.7351416783821,-91.6837196595603
MNFBBMP:Superior-381:804,47.7365818309682,-91.6829790999236
MNFBBMP:Superior-381:805,47.7379571431314,-91.6820774045107
MNFBBMP:Superior-384:437,47.7391552363951,-91.5957192069932
MNFBBMP:Superior-384:438,47.738148574807,-91.5972802265005
MNFBBMP:Superior-384:439,47.7368041942498,-91.5984500982873
MNFBBMP:Superior-385:443,47.7338701803915,-91.606518041853
MNFBBMP:Superior-385:444,47.7333171559588,-91.610627384383
MNFBBMP:Superior-385:445,47.7325592768648,-91.6126881414897
MNFBBMP:Superior-386:446,47.7265002715971,-91.6198636310368
MNFBBMP:Superior-386:447,47.7252150662638,-91.6214844920055
MNFBBMP:Superior-386:448,47.72349589751,-91.6214365131428
MNFBBMP:Superior-387:440,47.7362393333599,-91.6008261147954
MNFBBMP:Superior-387:441,47.7362564955942,-91.6029730999459
MNFBBMP:Superior-387:442,47.7363548962439,-91.6051445925779
MNFBBMP:Superior-388:818,47.7840146001788,-91.5866171167742
MNFBBMP:Superior-388:819,47.7845948286736,-91.5891660241568
MNFBBMP:Superior-388:820,47.7868109532848,-91.590115385843
MNFBBMP:Superior-389:815,47.7767621346801,-91.5902549669204
MNFBBMP:Superior-389:816,47.7782490990784,-91.591177220151
MNFBBMP:Superior-389:817,47.7771916690867,-91.5922616689156
MNFBBMP:Superior-390:812,47.7773854944492,-91.5992778481207
MNFBBMP:Superior-390:813,47.7787204643038,-91.5988108107441
MNFBBMP:Superior-390:814,47.7782060545749,-91.5972120875243
MNFBBMP:Superior-391:809,47.7734341026307,-91.5984296269767
MNFBBMP:Superior-391:810,47.7745248813085,-91.6000714743318
MNFBBMP:Superior-392:692,48.1617775950515,-92.4455786839106
MNFBBMP:Superior-392:693,48.1628520920677,-92.4482499967526
MNFBBMP:Superior-392:694,48.1613776464133,-92.450348856714
MNFBBMP:Superior-393:695,48.1654462392207,-92.4545377102218
MNFBBMP:Superior-393:696,48.1656324130168,-92.4520651905686
MNFBBMP:Superior-393:697,48.1671885942638,-92.4538938462855
MNFBBMP:Superior-394:689,48.1620625788901,-92.4375700927414
MNFBBMP:Superior-394:690,48.1610112564032,-92.4360041816234
MNFBBMP:Superior-394:691,48.1607510702062,-92.432495882529
MNFBBMP:Superior-395:686,48.1659087703392,-92.438486947644
MNFBBMP:Superior-395:687,48.164696961845,-92.43905694527
MNFBBMP:Superior-395:688,48.1632401263423,-92.4391952083666
MNFBBMP:Superior-396:608,48.1901399099648,-92.4463895960396
MNFBBMP:Superior-396:609,48.1891391228362,-92.4496941486591
MNFBBMP:Superior-396:613,48.1906110935855,-92.4546178442142
MNFBBMP:Superior-397:602,48.1934681017062,-92.442526832384
MNFBBMP:Superior-397:603,48.1922877882099,-92.4403221224287
MNFBBMP:Superior-397:604,48.1922895453581,-92.4443938231832
MNFBBMP:Superior-398:605,48.190449502896,-92.4434287863289
MNFBBMP:Superior-398:606,48.1903454966663,-92.4405370286853
MNFBBMP:Superior-398:607,48.1888975019804,-92.4424943308444
MNFBBMP:Superior-399:610,48.1980526083366,-92.4781039189945
MNFBBMP:Superior-399:611,48.1971804616025,-92.4802120775433
MNFBBMP:Superior-399:612,48.1961695258026,-92.4814778218178
MNFBBMP:Superior-400:770,48.2674330373003,-92.5732584070123
MNFBBMP:Superior-400:771,48.2672340730954,-92.57540939226
MNFBBMP:Superior-400:772,48.2668112293237,-92.5778546198576
MNFBBMP:Superior-401:773,48.2637976850444,-92.5870283589711
MNFBBMP:Superior-401:774,48.2622366697758,-92.5868083703214
MNFBBMP:Superior-401:775,48.2599996727621,-92.5868245117947
MNFBBMP:Superior-402:776,48.2723860548302,-92.6048067098256
MNFBBMP:Superior-402:777,48.2709484647668,-92.6034755466513
MNFBBMP:Superior-402:778,48.2749036187255,-92.6069841158582
MNFBBMP:Superior-403:3011,48.2642385843003,-92.6387312409109
MNFBBMP:Superior-403:3012,48.2661362806491,-92.6385319103522
MNFBBMP:Superior-403:3013,48.2661473558052,-92.6354851078991
MNFBBMP:Superior-404:779,48.2741152416365,-92.6324809698629
MNFBBMP:Superior-404:780,48.2731356151467,-92.6356294736956
MNFBBMP:Superior-404:781,48.2730097554946,-92.6385103869964
MNFBBMP:Superior-405:707,48.2498608274472,-92.4407246895931
MNFBBMP:Superior-405:708,48.2502453421489,-92.4383967522911
MNFBBMP:Superior-405:709,48.2499906321557,-92.4359869002411
MNFBBMP:Superior-406:701,48.2550268721592,-92.4533469369545
MNFBBMP:Superior-406:702,48.2559399550658,-92.4513622731145
MNFBBMP:Superior-406:703,48.2545019171498,-92.4497839090561
MNFBBMP:Superior-407:704,48.2528275086998,-92.4495755496477
MNFBBMP:Superior-407:705,48.2513298448709,-92.4487011724516
MNFBBMP:Superior-407:706,48.2496705628343,-92.4478959400023
MNFBBMP:Superior-408:698,48.2539547922266,-92.4558090479656
MNFBBMP:Superior-408:699,48.2535754702042,-92.4536050364165
MNFBBMP:Superior-408:700,48.2550939489581,-92.4512985742298
MNFBBMP:Superior-409:749,48.252467467728,-92.8678069131569
MNFBBMP:Superior-409:750,48.2525783733114,-92.8703931604394
MNFBBMP:Superior-409:751,48.2518609574319,-92.8724749480168
MNFBBMP:Superior-410:752,48.250691474445,-92.8725654174972
MNFBBMP:Superior-410:753,48.2489376566466,-92.8730695329721
MNFBBMP:Superior-410:754,48.2477699545188,-92.8747858400241
MNFBBMP:Superior-411:746,48.2570703946342,-92.8727422254134
MNFBBMP:Superior-411:747,48.2556366630315,-92.8698451907074
MNFBBMP:Superior-411:748,48.2541501644598,-92.8680652785786
MNFBBMP:Superior-412:755,48.2441680706933,-92.8802631745078
MNFBBMP:Superior-412:756,48.2422516895529,-92.8802043436269
MNFBBMP:Superior-412:757,48.2421947689339,-92.8774150881521
MNFBBMP:Superior-413:737,48.254776159401,-92.9584870700495
MNFBBMP:Superior-413:738,48.2540826953743,-92.9565611470566
MNFBBMP:Superior-414:740,48.2527609100089,-92.958573572189
MNFBBMP:Superior-414:741,48.2521230221209,-92.9611053641755
MNFBBMP:Superior-414:742,48.2535083397012,-92.9605533182669
MNFBBMP:Superior-415:743,48.2487486083519,-92.9593244264813
MNFBBMP:Superior-415:744,48.2484077393967,-92.9622854968252
MNFBBMP:Superior-415:745,48.2479495465531,-92.9643023387397
MNFBBMP:Superior-416:722,48.2476754417778,-92.9526669400051
MNFBBMP:Superior-416:723,48.2471524730994,-92.9499410746549
MNFBBMP:Superior-416:724,48.2487261047253,-92.948118325739
MNFBBMP:Superior-417:731,48.2467975466967,-92.9413691096261
MNFBBMP:Superior-417:732,48.2452041518073,-92.9395134746897
MNFBBMP:Superior-417:733,48.2472999000953,-92.9385586647848
MNFBBMP:Superior-418:725,48.2459564976895,-92.951336364422
MNFBBMP:Superior-418:726,48.244822748381,-92.9509778046098
MNFBBMP:Superior-418:727,48.243994097875,-92.9488100441102
MNFBBMP:Superior-419:728,48.2423145513989,-92.9556875566701
MNFBBMP:Superior-419:729,48.2397059577079,-92.9569531214008
MNFBBMP:Superior-419:730,48.2408219586064,-92.958025619458
MNFBBMP:Superior-420:3027,48.2590674850374,-92.9581009561648
MNFBBMP:Superior-420:3028,48.2600572784847,-92.9585083940284
MNFBBMP:Superior-420:3029,48.2613619174048,-92.9588037625222
MNFBBMP:Superior-421:734,48.2587266063264,-92.9609386776737
MNFBBMP:Superior-421:735,48.2592851190427,-92.963095325155
MNFBBMP:Superior-421:736,48.2609230344798,-92.9646934762546
MNFBBMP:Superior-422:767,48.2061287622012,-92.9962152343294
MNFBBMP:Superior-422:768,48.2060926770834,-92.9939352268371
MNFBBMP:Superior-422:769,48.2059036222226,-92.9919661567266
MNFBBMP:Superior-423:764,48.2120392556057,-92.9892259066761
MNFBBMP:Superior-423:765,48.2120304434292,-92.9914200326028
MNFBBMP:Superior-423:766,48.2127233457128,-92.993646377083
MNFBBMP:Superior-424:761,48.2170599345137,-92.9960434587584
MNFBBMP:Superior-424:762,48.2160791972526,-92.9941454000551
MNFBBMP:Superior-424:763,48.2176175773478,-92.9927330243075
MNFBBMP:Superior-425:758,48.2226199153535,-92.9944233519925
MNFBBMP:Superior-425:759,48.2229167230176,-92.9928359450512
MNFBBMP:Superior-425:760,48.2222241286969,-92.9962530922834
MNFBBMP:Superior-426:647,48.067792963271,-92.3604515140205
MNFBBMP:Superior-426:648,48.0683764608376,-92.35860124216
MNFBBMP:Superior-426:649,48.0682503534303,-92.3569651497678
MNFBBMP:Superior-427:656,48.0718645097869,-92.36619636637
MNFBBMP:Superior-427:657,48.0725669528822,-92.367950787263
MNFBBMP:Superior-427:658,48.073161605383,-92.3697420134124
MNFBBMP:Superior-428:653,48.0703798634212,-92.3596838262132
MNFBBMP:Superior-428:654,48.071354081222,-92.3617551827103
MNFBBMP:Superior-428:655,48.0715027144426,-92.3642220701558
MNFBBMP:Superior-429:659,48.0603598180085,-92.3950620378135
MNFBBMP:Superior-429:660,48.064995289905,-92.3819032539712
MNFBBMP:Superior-429:661,48.0649495099001,-92.3845375792025
MNFBBMP:Superior-430:641,48.0951679014599,-92.3470671033349
MNFBBMP:Superior-430:642,48.0962495354291,-92.3474160378037
MNFBBMP:Superior-430:643,48.0976076714654,-92.3473410964307
MNFBBMP:Superior-431:650,48.0946750407107,-92.3569916320203
MNFBBMP:Superior-431:651,48.09609014982,-92.3558431234769
MNFBBMP:Superior-431:652,48.0976770644301,-92.3564545613855
MNFBBMP:Superior-432:638,48.0972280039207,-92.3422931659136
MNFBBMP:Superior-432:639,48.0961433212665,-92.3445620150241
MNFBBMP:Superior-432:640,48.094845134928,-92.3456838334954
MNFBBMP:Superior-433:644,48.0949747463761,-92.3607188581178
MNFBBMP:Superior-433:645,48.0950614354649,-92.3633689472289
MNFBBMP:Superior-433:646,48.0947774956338,-92.3657133606071
MNFBBMP:Superior-436:626,48.1011332672615,-92.3330182506917
MNFBBMP:Superior-436:627,48.0997516265129,-92.329053640778
MNFBBMP:Superior-436:628,48.0996221484075,-92.3315374873617
MNFBBMP:Superior-437:635,48.0890372689617,-92.3354522106978
MNFBBMP:Superior-437:636,48.0878068666524,-92.3342782942467
MNFBBMP:Superior-437:637,48.0868932131686,-92.3334253032268
MNFBBMP:Superior-438:629,48.0881775004231,-92.3423951451986
MNFBBMP:Superior-438:633,48.0900449645547,-92.3417079381275
MNFBBMP:Superior-438:634,48.0916509260673,-92.3409192714164
MNFBBMP:Superior-439:630,48.0942688080259,-92.3269022749976
MNFBBMP:Superior-439:631,48.0942672446121,-92.3297132397966
MNFBBMP:Superior-439:632,48.0956895719782,-92.3313923787862
MNFBBMP:Superior-440:717,48.1167511968875,-92.3777517127167
MNFBBMP:Superior-440:718,48.1157154602033,-92.3792166283085
MNFBBMP:Superior-440:719,48.1173154284504,-92.3756166037402
MNFBBMP:Superior-441:710,48.1229151959961,-92.3631551760971
MNFBBMP:Superior-441:711,48.1217754969022,-92.3620606802168
MNFBBMP:Superior-441:712,48.121483635942,-92.3597315785582
MNFBBMP:Superior-442:713,48.1203725804591,-92.3589391646428
MNFBBMP:Superior-442:714,48.119014088046,-92.3573396364547
MNFBBMP:Superior-442:715,48.1177921614974,-92.3560313969258
MNFBBMP:Superior-443:716,48.116200377241,-92.3757241658228
MNFBBMP:Superior-443:720,48.1160366262858,-92.3737389834007
MNFBBMP:Superior-443:721,48.1153337802694,-92.3718933990749
MNFBBMP:Superior-444:677,48.1378341952132,-92.3210504492241
MNFBBMP:Superior-444:678,48.1373355837285,-92.3204118340376
MNFBBMP:Superior-444:679,48.1363248686837,-92.3183780802142
MNFBBMP:Superior-445:674,48.1368135300502,-92.3158244828533
MNFBBMP:Superior-445:675,48.1370525194691,-92.3181910221365
MNFBBMP:Superior-445:676,48.1384154921668,-92.3189364650976
MNFBBMP:Superior-446:683,48.1391423714016,-92.3050951113233
MNFBBMP:Superior-446:684,48.1408545088295,-92.3040544155275
MNFBBMP:Superior-446:685,48.1422846193525,-92.3039853456905
MNFBBMP:Superior-447:680,48.1352094804719,-92.3093766906972
MNFBBMP:Superior-447:681,48.1372117889967,-92.3087059921713
MNFBBMP:Superior-447:682,48.13813603976,-92.3068063744384
MNFBBMP:Superior-448:614,48.0957176408377,-92.0780472542487
MNFBBMP:Superior-448:615,48.0988985980133,-92.0753054181284
MNFBBMP:Superior-448:616,48.0970533907087,-92.0774458373025
MNFBBMP:Superior-449:617,48.0931667127126,-92.0819513026785
MNFBBMP:Superior-449:618,48.0939762662182,-92.0796779268261
MNFBBMP:Superior-449:619,48.0943621164591,-92.0773059599615
MNFBBMP:Superior-450:620,48.0937459629279,-92.0835082913138
MNFBBMP:Superior-450:621,48.0926972031223,-92.0851277722882
MNFBBMP:Superior-450:622,48.0885518702881,-92.0910938634368
MNFBBMP:Superior-451:623,48.0823737748876,-92.0903312866477
MNFBBMP:Superior-451:624,48.0814930343613,-92.0881850731542
MNFBBMP:Superior-451:625,48.0799387551291,-92.0873331011867
MNFBBMP:Superior-452:575,48.1351039762357,-92.2648095016447
MNFBBMP:Superior-452:576,48.136204987323,-92.2667454406307
MNFBBMP:Superior-452:577,48.1391339844818,-92.2661122847772
MNFBBMP:Superior-453:570,48.129327729246,-92.2804251817512
MNFBBMP:Superior-453:571,48.1302598819063,-92.2827372121713
MNFBBMP:Superior-453:572,48.1304638246297,-92.2851454482959
MNFBBMP:Superior-454:569,48.127400742462,-92.2801671970833
MNFBBMP:Superior-454:573,48.1287825060306,-92.2853273656334
MNFBBMP:Superior-454:574,48.1273550307665,-92.2843728539847
MNFBBMP:Superior-455:566,48.1284118732428,-92.2937763132602
MNFBBMP:Superior-455:567,48.1296755427309,-92.2929768103792
MNFBBMP:Superior-455:568,48.1280491352573,-92.2918500974233
MNFBBMP:Superior-456:581,48.1310071451796,-92.3557304437545
MNFBBMP:Superior-456:582,48.1329482378466,-92.3569319161694
MNFBBMP:Superior-456:583,48.1346355187543,-92.3577965913222
MNFBBMP:Superior-457:3006,48.142977171182,-92.366153511119
MNFBBMP:Superior-457:3007,48.1422030775668,-92.3693610612149
MNFBBMP:Superior-457:3008,48.1410277134205,-92.3666789126312
MNFBBMP:Superior-458:584,48.1488865799854,-92.3724144251415
MNFBBMP:Superior-458:585,48.14879363791,-92.375171665657
MNFBBMP:Superior-458:586,48.1492846184348,-92.3777779822492
MNFBBMP:Superior-459:587,48.1529044687055,-92.3986352421252
MNFBBMP:Superior-459:588,48.1523376341548,-92.4020798400015
MNFBBMP:Superior-459:589,48.1526205999412,-92.4045948792761
MNFBBMP:Superior-460:578,48.1272622586377,-92.3505589934442
MNFBBMP:Superior-460:579,48.1271769822518,-92.348209624298
MNFBBMP:Superior-460:580,48.1272454302689,-92.3460047936882
MNFBBMP:Superior-461:599,48.1570615204356,-92.4433745086888
MNFBBMP:Superior-461:600,48.1571186128602,-92.4458803340609
MNFBBMP:Superior-461:601,48.1570879107016,-92.4488510127913
MNFBBMP:Superior-462:593,48.150803203992,-92.4385630277342
MNFBBMP:Superior-462:594,48.149479697738,-92.4383690731784
MNFBBMP:Superior-462:595,48.1481993630921,-92.4396468028443
MNFBBMP:Superior-463:596,48.1495296224454,-92.4357038084226
MNFBBMP:Superior-463:597,48.1506472276054,-92.434275808113
MNFBBMP:Superior-463:598,48.152320618131,-92.4342654814834
MNFBBMP:Superior-464:590,48.1524940532026,-92.4079644119188
MNFBBMP:Superior-464:591,48.1529411222437,-92.4109253462671
MNFBBMP:Superior-464:592,48.1524733633954,-92.4127001118053
MNFBBMP:Superior-469:520,47.6067238681481,-91.0247537740166
MNFBBMP:Superior-469:521,47.6086319628128,-91.0247803703161
MNFBBMP:Superior-469:522,47.6100308905915,-91.0245014692203
MNFBBMP:Superior-470:518,47.6028847904219,-91.0244167248555
MNFBBMP:Superior-470:519,47.6044272649388,-91.0246353692476
MNFBBMP:Superior-470:523,47.6026386115823,-91.0216200769908
MNFBBMP:Superior-471:524,47.6031202287421,-91.0146036759602
MNFBBMP:Superior-471:525,47.605492654813,-91.0165030018886
MNFBBMP:Superior-471:526,47.6066439563853,-91.0190779869782
MNFBBMP:Superior-472:527,47.6097258255619,-91.0022182381944
MNFBBMP:Superior-472:528,47.6106021684006,-91.0044868828058
MNFBBMP:Superior-472:529,47.6111834071728,-91.0068639589956
MNFBBMP:Superior-473:407,47.6044398496279,-90.9244815295021
MNFBBMP:Superior-473:408,47.6056862421804,-90.922749076873
MNFBBMP:Superior-473:409,47.6042954544564,-90.9214776529308
MNFBBMP:Superior-474:410,47.6043616926484,-90.9181846968878
MNFBBMP:Superior-474:411,47.6027881990332,-90.9187474053209
MNFBBMP:Superior-474:412,47.6013346528514,-90.918978035772
MNFBBMP:Superior-475:404,47.5955622569977,-90.9217092681932
MNFBBMP:Superior-475:405,47.5949143562572,-90.9241919271677
MNFBBMP:Superior-475:406,47.5932463177953,-90.9250015138513
MNFBBMP:Superior-476:401,47.5930836846943,-90.9135601100011
MNFBBMP:Superior-476:402,47.5944489496396,-90.9163924607317
MNFBBMP:Superior-476:403,47.5955917946193,-90.9183770789681
MNFBBMP:Superior-477:878,47.5473265558154,-91.0579753205631
MNFBBMP:Superior-477:879,47.5470696608008,-91.0603412003842
MNFBBMP:Superior-477:880,47.5464608013345,-91.0621166535092
MNFBBMP:Superior-478:872,47.5465966477153,-91.0441511599548
MNFBBMP:Superior-478:873,47.5468485691737,-91.0462602665654
MNFBBMP:Superior-478:874,47.5472954248983,-91.0487223258012
MNFBBMP:Superior-479:869,47.5487525301179,-91.0449879934769
MNFBBMP:Superior-479:870,47.5495902823134,-91.0466248534592
MNFBBMP:Superior-479:871,47.5506037014123,-91.0453696997277
MNFBBMP:Superior-480:875,47.5474437311259,-91.0510931602955
MNFBBMP:Superior-480:876,47.5480203680607,-91.0532554288732
MNFBBMP:Superior-480:877,47.5482160381855,-91.056302381003
MNFBBMP:Superior-481:422,47.7607218204532,-91.2815279468471
MNFBBMP:Superior-482:424,47.7634370165886,-91.2819829856296
MNFBBMP:Superior-483:423,47.7623428926066,-91.2810234814562
MNFBBMP:Superior-484:413,47.7462314762541,-91.2681212072377
MNFBBMP:Superior-484:414,47.7471269339691,-91.2702194063588
MNFBBMP:Superior-484:417,47.7459057984142,-91.265622602529
MNFBBMP:Superior-485:415,47.7488870663551,-91.2693925918814
MNFBBMP:Superior-485:416,47.748555643793,-91.2671075076401
MNFBBMP:Superior-486:419,47.7423854038354,-91.281623428475
MNFBBMP:Superior-486:420,47.743431479929,-91.2799761625947
MNFBBMP:Superior-486:421,47.7445605338466,-91.2784634999635
MNFBBMP:Superior-487:418,47.7470713964766,-91.2659440796929
MNFBBMP:Superior-489:3003,47.5747596253737,-91.1995045832007
MNFBBMP:Superior-489:3004,47.5747423227867,-91.1972579311779
MNFBBMP:Superior-489:3005,47.5741749890866,-91.1989475331207
MNFBBMP:Superior-490:903,47.5792068075189,-91.2030769634901
MNFBBMP:Superior-490:904,47.579932715838,-91.204612045396
MNFBBMP:Superior-491:898,47.5750381712456,-91.1943289974838
MNFBBMP:Superior-491:899,47.5748933302019,-91.1919896553738
MNFBBMP:Superior-491:900,47.5750857068206,-91.1899245934019
MNFBBMP:Superior-492:896,47.5736019533179,-91.1951230189927
MNFBBMP:Superior-492:897,47.574819950792,-91.1959002680052
MNFBBMP:Superior-492:901,47.5757083353008,-91.1974614608233
MNFBBMP:Superior-492:902,47.5767854144582,-91.1990069249333
MNFBBMP:Superior-493:425,47.6023362590843,-91.447347353293
MNFBBMP:Superior-493:426,47.6011620302207,-91.4450246612251
MNFBBMP:Superior-493:427,47.6011573559616,-91.4486660651996
MNFBBMP:Superior-494:428,47.5954381869608,-91.4496000416187
MNFBBMP:Superior-494:429,47.5939739663464,-91.449782973101
MNFBBMP:Superior-494:430,47.5919937221197,-91.4504001325986
MNFBBMP:Superior-495:431,47.5907582193052,-91.4395788265678
MNFBBMP:Superior-495:435,47.5920311486083,-91.4392257316745
MNFBBMP:Superior-495:436,47.5931405465996,-91.4387577671737
MNFBBMP:Superior-496:432,47.591674459489,-91.4348415383324
MNFBBMP:Superior-496:433,47.5918830586704,-91.4323266520934
MNFBBMP:Superior-496:434,47.5919140435813,-91.4299873191888
MNFBBMP:Superior-497:853,47.7955184675937,-90.9785015443681
MNFBBMP:Superior-497:854,47.795950933217,-90.9805773138767
MNFBBMP:Superior-497:855,47.7969507285375,-90.9811461699724
MNFBBMP:Superior-498:845,47.8011869603222,-90.9784858934734
MNFBBMP:Superior-498:846,47.7996372360398,-90.977858263828
MNFBBMP:Superior-498:847,47.796329669836,-90.9765377486258
MNFBBMP:Superior-498:856,47.7976448224061,-90.9791722141807
MNFBBMP:Superior-499:848,47.794612479047,-90.9761090277822
MNFBBMP:Superior-499:852,47.7941096537649,-90.9787217898275
MNFBBMP:Superior-500:849,47.7931500486061,-90.9763501103193
MNFBBMP:Superior-500:850,47.7915378843184,-90.9767745840808
MNFBBMP:Superior-500:851,47.7923991698704,-90.9786733118559
MNFBBMP:Superior-501:539,47.7938372011734,-90.6476506519474
MNFBBMP:Superior-501:540,47.7947970693533,-90.6457524555263
MNFBBMP:Superior-501:541,47.7958114264784,-90.6473878932981
MNFBBMP:Superior-502:536,47.7893568448937,-90.6472494162952
MNFBBMP:Superior-502:537,47.7891324030845,-90.6494693736387
MNFBBMP:Superior-502:538,47.7902156572048,-90.6478822730814
MNFBBMP:Superior-503:530,47.7864872251403,-90.6600484351016
MNFBBMP:Superior-503:531,47.7862194298505,-90.6588307747298
MNFBBMP:Superior-503:532,47.787133333031,-90.6617271244911
MNFBBMP:Superior-504:533,47.7849100367709,-90.6572807714189
MNFBBMP:Superior-504:534,47.7866713473919,-90.6549638275521
MNFBBMP:Superior-504:535,47.7875508641795,-90.6522111195617
MNFBBMP:Superior-505:542,47.7531270901965,-90.7093576581919
MNFBBMP:Superior-505:543,47.7521986035446,-90.7133332401621
MNFBBMP:Superior-505:544,47.7505091018065,-90.7152485457904
MNFBBMP:Superior-506:548,47.7477815296712,-90.7030281969707
MNFBBMP:Superior-506:549,47.7456061375533,-90.7040364932992
MNFBBMP:Superior-506:550,47.7457189076257,-90.7065250064519
MNFBBMP:Superior-507:545,47.751440582577,-90.7042147156148
MNFBBMP:Superior-507:546,47.7496698423996,-90.7025127777726
MNFBBMP:Superior-507:547,47.7525221800898,-90.7065541757574
MNFBBMP:Superior-508:551,47.7441699703344,-90.7078137669627
MNFBBMP:Superior-508:552,47.7424039517169,-90.7081461352206
MNFBBMP:Superior-508:553,47.7426355992617,-90.7057800416392
MNFBBMP:Superior-509:554,47.7468909564958,-90.915544432305
MNFBBMP:Superior-509:555,47.7464432507389,-90.9176475495262
MNFBBMP:Superior-509:556,47.7455402449547,-90.9159852716364
MNFBBMP:Superior-510:559,47.744552661401,-90.9310210362146
MNFBBMP:Superior-510:560,47.7457568641432,-90.9329317610068
MNFBBMP:Superior-510:561,47.7446663431068,-90.9328348756572
MNFBBMP:Superior-511:557,47.7396134664338,-90.9310647469576
MNFBBMP:Superior-511:558,47.7419960232901,-90.9324537234125
MNFBBMP:Superior-511:562,47.7370068918957,-90.9322231527866
MNFBBMP:Superior-512:563,47.7358202876304,-90.9327863526031
MNFBBMP:Superior-512:564,47.7342686311404,-90.9330652028123
MNFBBMP:Superior-512:565,47.7330080299364,-90.9315199094597
MNFBBMP:Superior-513:842,47.7151412735596,-91.0733082727098
MNFBBMP:Superior-513:843,47.7161298066704,-91.0748411544416
MNFBBMP:Superior-513:844,47.7176918099549,-91.0762316404189
MNFBBMP:Superior-514:836,47.7058211716304,-91.0611409869142
MNFBBMP:Superior-514:837,47.706279333078,-91.0632275989717
MNFBBMP:Superior-514:838,47.7064064246943,-91.0643600137981
MNFBBMP:Superior-515:833,47.7077977573152,-91.0545860041234
MNFBBMP:Superior-515:834,47.7093578536933,-91.0537266937588
MNFBBMP:Superior-515:835,47.7077385018558,-91.056398591398
MNFBBMP:Superior-516:839,47.7117937889995,-91.0743689636332
MNFBBMP:Superior-516:840,47.7127587431167,-91.0744973917979
MNFBBMP:Superior-516:841,47.7142114878174,-91.0742025296542
MNFBBMP:Superior-517:890,47.7050262611499,-90.8663262703675
MNFBBMP:Superior-517:891,47.7045107070176,-90.8647329884551
MNFBBMP:Superior-517:892,47.704113515566,-90.8627323183619
MNFBBMP:Superior-518:881,47.7033776310705,-90.8483990402032
MNFBBMP:Superior-518:882,47.7052836368457,-90.8483125704577
MNFBBMP:Superior-518:883,47.7070297976885,-90.8483393236542
MNFBBMP:Superior-519:884,47.7069107075055,-90.8544712377418
MNFBBMP:Superior-519:885,47.7076355904174,-90.856665146704
MNFBBMP:Superior-519:886,47.7084102377769,-90.8591170421953
MNFBBMP:Superior-520:887,47.7087303140566,-90.8627701287082
MNFBBMP:Superior-520:888,47.7089623079336,-90.8655642951402
MNFBBMP:Superior-520:889,47.708830892408,-90.8672067908198
MNFBBMP:Superior-521:1700,47.7644093295633,-91.4648283715173
MNFBBMP:Superior-521:1701,47.7667865252812,-91.4629433426447
MNFBBMP:Superior-521:1702,47.7686080557866,-91.4605540206198
MNFBBMP:Superior-522:1703,47.7661652944715,-91.4535394449821
MNFBBMP:Superior-522:1704,47.7640271791154,-91.4524551325616
MNFBBMP:Superior-522:1705,47.7620037973532,-91.4552108137176
MNFBBMP:Superior-523:1706,47.7500122861653,-91.4520702475899
MNFBBMP:Superior-523:1707,47.7478610305381,-91.4520139785492
MNFBBMP:Superior-523:1708,47.7471380327896,-91.4551171998669
MNFBBMP:Superior-524:1709,47.3332942358324,-91.6813671845396
MNFBBMP:Superior-524:1710,47.3341851532676,-91.6852894813035
MNFBBMP:Superior-524:1711,47.3320114136528,-91.6840595501962
MNFBBMP:Superior-525:1712,47.3295074914659,-91.6846379341103
MNFBBMP:Superior-525:1713,47.3278205837717,-91.6866253536019
MNFBBMP:Superior-525:1714,47.326209240356,-91.6889284029104
MNFBBMP:Superior-526:1715,47.3234756931085,-91.6922515688583
MNFBBMP:Superior-526:1716,47.3239865991365,-91.6960238681438
MNFBBMP:Superior-526:1717,47.3259397274457,-91.6952743696948
MNFBBMP:Superior-527:1718,47.6401969008717,-91.5108892389756
MNFBBMP:Superior-527:1719,47.6426026347996,-91.5111404026331
MNFBBMP:Superior-527:1720,47.6440575420082,-91.5088488657283
MNFBBMP:Superior-528:1721,47.6479584719753,-91.5099095963968
MNFBBMP:Superior-528:1722,47.6489698256448,-91.5067249398226
MNFBBMP:Superior-528:1723,47.6490340058595,-91.5026750505212
MNFBBMP:Superior-529:1724,47.6459008178192,-91.5011534762359
MNFBBMP:Superior-529:1725,47.6439076066659,-91.4987339752942
MNFBBMP:Superior-529:1726,47.641756977935,-91.4966653422975
MNFBBMP:Superior-530:1727,47.4777697564524,-91.6882944888565
MNFBBMP:Superior-530:1728,47.4762921493364,-91.6912776892019
MNFBBMP:Superior-530:1729,47.4765508474558,-91.6950273055538
MNFBBMP:Superior-531:1730,47.4779762574894,-91.6977261592151
MNFBBMP:Superior-531:1731,47.4789145947413,-91.694782947901
MNFBBMP:Superior-531:1732,47.4808701002038,-91.6966193183075
MNFBBMP:Superior-532:1733,47.4800433069229,-91.7006747947273
MNFBBMP:Superior-532:1734,47.4790204055712,-91.7033147689893
MNFBBMP:Superior-532:1735,47.4769564975105,-91.7046131539409
MNFBBMP:Superior-533:1736,47.5574769924459,-91.0885143887778
MNFBBMP:Superior-533:1737,47.5567665110919,-91.0928604071353
MNFBBMP:Superior-533:1738,47.557836019793,-91.0971152534008
MNFBBMP:Superior-534:1739,47.5599603479223,-91.1004148884739
MNFBBMP:Superior-534:1740,47.5604011729647,-91.1047592950806
MNFBBMP:Superior-534:1741,47.5600971587889,-91.1097819730499
MNFBBMP:Superior-535:1742,47.5626969562531,-91.1113768001324
MNFBBMP:Superior-535:1743,47.562688698868,-91.1070564445284
MNFBBMP:Superior-535:1744,47.5639169626183,-91.1040607728954
MNFBBMP:Superior-536:1745,47.5631957482795,-91.0990880920277
MNFBBMP:Superior-536:1746,47.562174418564,-91.0955622082565
MNFBBMP:Superior-536:1747,47.5616088156337,-91.0907702667591
MNFBBMP:Superior-540:1758,47.7387436605645,-90.9222699694885
MNFBBMP:Superior-540:1759,47.7383548655611,-90.9256469120583
MNFBBMP:Superior-540:1760,47.7413529257072,-90.9242471331545
MNFBBMP:Superior-541:1761,47.7420920479276,-90.9282998122732
MNFBBMP:Superior-541:1762,47.7454986146672,-90.9285914967925
MNFBBMP:Superior-541:1763,47.7461615794915,-90.9254433529842
MNFBBMP:Superior-542:1764,47.7485943957776,-90.9256268127766
MNFBBMP:Superior-542:1765,47.7490667605708,-90.9223926377104
MNFBBMP:Superior-542:1766,47.7493499669791,-90.9191526045202
MNFBBMP:Superior-543:1767,47.6788229426323,-90.9980659716377
MNFBBMP:Superior-543:1768,47.680662626112,-90.9962367480679
MNFBBMP:Superior-543:1769,47.6824331346035,-90.9945699437967
MNFBBMP:Superior-544:1770,47.6851717409021,-90.9968102268265
MNFBBMP:Superior-544:1771,47.6873942036085,-90.9968050539281
MNFBBMP:Superior-544:1772,47.689038648209,-90.9941034125234
MNFBBMP:Superior-545:1773,47.6876809470081,-90.9910771468027
MNFBBMP:Superior-545:1774,47.686009260726,-90.9886227969386
MNFBBMP:Superior-545:1775,47.6845254040458,-90.9912383322975
